제목,레벨,정답률,완료한 사람,링크
어린 동물 찾기,1,92.0,81946,https://school.programmers.co.kr/learn/courses/30/lessons/59037
몫 구하기,0,92.0,86084,https://school.programmers.co.kr/learn/courses/30/lessons/120805
역순 정렬하기,1,91.0,85385,https://school.programmers.co.kr/learn/courses/30/lessons/59035
아픈 동물 찾기,1,91.0,85838,https://school.programmers.co.kr/learn/courses/30/lessons/59036
최솟값 구하기,2,91.0,76217,https://school.programmers.co.kr/learn/courses/30/lessons/59038
이름이 없는 동물의 아이디,1,91.0,59578,https://school.programmers.co.kr/learn/courses/30/lessons/59039
동명 동물 수 찾기,2,91.0,66481,https://school.programmers.co.kr/learn/courses/30/lessons/59041
이름에 el이 들어가는 동물 찾기,2,91.0,48559,https://school.programmers.co.kr/learn/courses/30/lessons/59047
여러 기준으로 정렬하기,1,91.0,76069,https://school.programmers.co.kr/learn/courses/30/lessons/59404
NULL 처리하기,2,91.0,55751,https://school.programmers.co.kr/learn/courses/30/lessons/59410
DATETIME에서 DATE로 형 변환,2,91.0,40314,https://school.programmers.co.kr/learn/courses/30/lessons/59414
두 수의 차 구하기,0,91.0,89532,https://school.programmers.co.kr/learn/courses/30/lessons/120803
나이 출력,0,91.0,73490,https://school.programmers.co.kr/learn/courses/30/lessons/120820
경기도에 위치한 식품창고 목록 출력하기,1,91.0,27276,https://school.programmers.co.kr/learn/courses/30/lessons/131114
가격이 제일 비싼 식품의 정보 출력하기,2,91.0,31851,https://school.programmers.co.kr/learn/courses/30/lessons/131115
카테고리 별 상품 개수 구하기,2,91.0,18173,https://school.programmers.co.kr/learn/courses/30/lessons/131529
조건에 맞는 회원수 구하기,1,91.0,34253,https://school.programmers.co.kr/learn/courses/30/lessons/131535
흉부외과 또는 일반외과 의사 목록 출력하기,1,91.0,33422,https://school.programmers.co.kr/learn/courses/30/lessons/132203
조건에 맞는 아이템들의 가격의 총합 구하기,2,91.0,11037,https://school.programmers.co.kr/learn/courses/30/lessons/273709
동물 수 구하기,2,91.0,74792,https://school.programmers.co.kr/learn/courses/30/lessons/59406
가장 비싼 상품 구하기,1,91.0,33921,https://school.programmers.co.kr/learn/courses/30/lessons/131697
상위 n개 레코드,1,91.0,75199,https://school.programmers.co.kr/learn/courses/30/lessons/59405
중복 제거하기,2,91.0,73247,https://school.programmers.co.kr/learn/courses/30/lessons/59408
나이 정보가 없는 회원 수 구하기,1,91.0,27722,https://school.programmers.co.kr/learn/courses/30/lessons/131528
동물의 아이디와 이름,1,91.0,78655,https://school.programmers.co.kr/learn/courses/30/lessons/59403
이름이 있는 동물의 아이디,1,91.0,59802,https://school.programmers.co.kr/learn/courses/30/lessons/59407
숫자 비교하기,0,91.0,82106,https://school.programmers.co.kr/learn/courses/30/lessons/120807
강원도에 위치한 생산공장 목록 출력하기,1,91.0,34374,https://school.programmers.co.kr/learn/courses/30/lessons/131112
두 수의 곱 구하기,0,91.0,88339,https://school.programmers.co.kr/learn/courses/30/lessons/120804
나머지 구하기,0,91.0,75472,https://school.programmers.co.kr/learn/courses/30/lessons/120810
중성화 여부 파악하기,2,90.0,42874,https://school.programmers.co.kr/learn/courses/30/lessons/59409
두 수의 합 구하기,0,90.0,83541,https://school.programmers.co.kr/learn/courses/30/lessons/120802
두 수의 나눗셈,0,90.0,71897,https://school.programmers.co.kr/learn/courses/30/lessons/120806
피자 나눠 먹기 (1),0,90.0,48857,https://school.programmers.co.kr/learn/courses/30/lessons/120814
피자 나눠 먹기 (3),0,90.0,42895,https://school.programmers.co.kr/learn/courses/30/lessons/120816
뒤집힌 문자열,0,90.0,43837,https://school.programmers.co.kr/learn/courses/30/lessons/120822
특정 문자 제거하기,0,90.0,38784,https://school.programmers.co.kr/learn/courses/30/lessons/120826
각도기,0,90.0,63361,https://school.programmers.co.kr/learn/courses/30/lessons/120829
양꼬치,0,90.0,53828,https://school.programmers.co.kr/learn/courses/30/lessons/120830
짝수의 합,0,90.0,59964,https://school.programmers.co.kr/learn/courses/30/lessons/120831
배열 자르기,0,90.0,40370,https://school.programmers.co.kr/learn/courses/30/lessons/120833
점의 위치 구하기,0,90.0,39722,https://school.programmers.co.kr/learn/courses/30/lessons/120841
최댓값 만들기(1),0,90.0,36989,https://school.programmers.co.kr/learn/courses/30/lessons/120847
모음 제거,0,90.0,32004,https://school.programmers.co.kr/learn/courses/30/lessons/120849
배열 원소의 길이,0,90.0,40632,https://school.programmers.co.kr/learn/courses/30/lessons/120854
삼각형의 완성조건 (1),0,90.0,34844,https://school.programmers.co.kr/learn/courses/30/lessons/120889
편지,0,90.0,42888,https://school.programmers.co.kr/learn/courses/30/lessons/120898
배열의 유사도,0,90.0,34768,https://school.programmers.co.kr/learn/courses/30/lessons/120903
n의 배수 고르기,0,90.0,30223,https://school.programmers.co.kr/learn/courses/30/lessons/120905
자릿수 더하기,0,90.0,34549,https://school.programmers.co.kr/learn/courses/30/lessons/120906
문자열안에 문자열,0,90.0,34265,https://school.programmers.co.kr/learn/courses/30/lessons/120908
세균 증식,0,90.0,36057,https://school.programmers.co.kr/learn/courses/30/lessons/120910
12세 이하인 여자 환자 목록 출력하기,1,90.0,31767,https://school.programmers.co.kr/learn/courses/30/lessons/132201
진료과별 총 예약 횟수 출력하기,2,90.0,22934,https://school.programmers.co.kr/learn/courses/30/lessons/132202
인기있는 아이스크림,1,90.0,32543,https://school.programmers.co.kr/learn/courses/30/lessons/133024
배열의 평균값,0,90.0,60959,https://school.programmers.co.kr/learn/courses/30/lessons/120817
아이스 아메리카노,0,90.0,45091,https://school.programmers.co.kr/learn/courses/30/lessons/120819
제곱수 판별하기,0,90.0,32003,https://school.programmers.co.kr/learn/courses/30/lessons/120909
짝수 홀수 개수,0,90.0,43665,https://school.programmers.co.kr/learn/courses/30/lessons/120824
배열 뒤집기,0,90.0,47098,https://school.programmers.co.kr/learn/courses/30/lessons/120821
더 크게 합치기,0,90.0,37292,https://school.programmers.co.kr/learn/courses/30/lessons/181939
두 수의 연산값 비교하기,0,90.0,35740,https://school.programmers.co.kr/learn/courses/30/lessons/181938
홀짝 구분하기,0,90.0,50324,https://school.programmers.co.kr/learn/courses/30/lessons/181944
문자열 곱하기,0,90.0,41297,https://school.programmers.co.kr/learn/courses/30/lessons/181940
flag에 따라 다른 값 반환하기,0,90.0,41771,https://school.programmers.co.kr/learn/courses/30/lessons/181933
문자 반복 출력하기,0,90.0,37377,https://school.programmers.co.kr/learn/courses/30/lessons/120825
이어 붙인 수,0,90.0,29655,https://school.programmers.co.kr/learn/courses/30/lessons/181928
홀짝에 따라 다른 값 반환하기,0,90.0,34810,https://school.programmers.co.kr/learn/courses/30/lessons/181935
원소들의 곱과 합,0,90.0,31410,https://school.programmers.co.kr/learn/courses/30/lessons/181929
n의 배수,0,90.0,44932,https://school.programmers.co.kr/learn/courses/30/lessons/181937
순서쌍의 개수,0,90.0,33494,https://school.programmers.co.kr/learn/courses/30/lessons/120836
공배수,0,90.0,43094,https://school.programmers.co.kr/learn/courses/30/lessons/181936
고양이와 개는 몇 마리 있을까,2,89.0,69175,https://school.programmers.co.kr/learn/courses/30/lessons/59040
입양 시각 구하기(1),2,89.0,55018,https://school.programmers.co.kr/learn/courses/30/lessons/59412
중복된 숫자 개수,0,89.0,46912,https://school.programmers.co.kr/learn/courses/30/lessons/120583
배열 두 배 만들기,0,89.0,53256,https://school.programmers.co.kr/learn/courses/30/lessons/120809
중앙값 구하기,0,89.0,45585,https://school.programmers.co.kr/learn/courses/30/lessons/120811
짝수는 싫어요,0,89.0,43289,https://school.programmers.co.kr/learn/courses/30/lessons/120813
옷가게 할인 받기,0,89.0,39946,https://school.programmers.co.kr/learn/courses/30/lessons/120818
직각삼각형 출력하기,0,89.0,28978,https://school.programmers.co.kr/learn/courses/30/lessons/120823
개미 군단,0,89.0,32842,https://school.programmers.co.kr/learn/courses/30/lessons/120837
가위 바위 보,0,89.0,30697,https://school.programmers.co.kr/learn/courses/30/lessons/120839
주사위의 개수,0,89.0,25804,https://school.programmers.co.kr/learn/courses/30/lessons/120845
문자열 정렬하기 (1),0,89.0,25689,https://school.programmers.co.kr/learn/courses/30/lessons/120850
숨어있는 숫자의 덧셈 (1),0,89.0,30683,https://school.programmers.co.kr/learn/courses/30/lessons/120851
최댓값 만들기 (2),0,89.0,23844,https://school.programmers.co.kr/learn/courses/30/lessons/120862
암호 해독,0,89.0,28291,https://school.programmers.co.kr/learn/courses/30/lessons/120892
대문자와 소문자,0,89.0,28813,https://school.programmers.co.kr/learn/courses/30/lessons/120893
인덱스 바꾸기,0,89.0,24864,https://school.programmers.co.kr/learn/courses/30/lessons/120895
약수 구하기,0,89.0,25790,https://school.programmers.co.kr/learn/courses/30/lessons/120897
가장 큰 수 찾기,0,89.0,29106,https://school.programmers.co.kr/learn/courses/30/lessons/120899
문자열 정렬하기 (2),0,89.0,24622,https://school.programmers.co.kr/learn/courses/30/lessons/120911
자동차 종류 별 특정 옵션이 포함된 자동차 수 구하기,2,89.0,21668,https://school.programmers.co.kr/learn/courses/30/lessons/151137
주사위 게임 1,0,89.0,18262,https://school.programmers.co.kr/learn/courses/30/lessons/181839
정수 찾기,0,89.0,23367,https://school.programmers.co.kr/learn/courses/30/lessons/181840
꼬리 문자열,0,89.0,16316,https://school.programmers.co.kr/learn/courses/30/lessons/181841
부분 문자열,0,89.0,19231,https://school.programmers.co.kr/learn/courses/30/lessons/181842
부분 문자열인지 확인하기,0,89.0,19709,https://school.programmers.co.kr/learn/courses/30/lessons/181843
배열의 원소 삭제하기,0,89.0,14800,https://school.programmers.co.kr/learn/courses/30/lessons/181844
문자열로 변환,0,89.0,26115,https://school.programmers.co.kr/learn/courses/30/lessons/181845
문자열을 정수로 변환하기,0,89.0,27856,https://school.programmers.co.kr/learn/courses/30/lessons/181848
문자열 정수의 합,0,89.0,21225,https://school.programmers.co.kr/learn/courses/30/lessons/181849
뒤에서 5등 위로,0,89.0,19204,https://school.programmers.co.kr/learn/courses/30/lessons/181852
뒤에서 5등까지,0,89.0,19998,https://school.programmers.co.kr/learn/courses/30/lessons/181853
배열의 길이에 따라 다른 연산하기,0,89.0,17530,https://school.programmers.co.kr/learn/courses/30/lessons/181854
배열 비교하기,0,89.0,18357,https://school.programmers.co.kr/learn/courses/30/lessons/181856
배열의 원소만큼 추가하기,0,89.0,17537,https://school.programmers.co.kr/learn/courses/30/lessons/181861
rny_string,0,89.0,21928,https://school.programmers.co.kr/learn/courses/30/lessons/181863
문자열 바꿔서 찾기,0,89.0,16990,https://school.programmers.co.kr/learn/courses/30/lessons/181864
x 사이의 개수,0,89.0,14870,https://school.programmers.co.kr/learn/courses/30/lessons/181867
공백으로 구분하기 2,0,89.0,17059,https://school.programmers.co.kr/learn/courses/30/lessons/181868
공백으로 구분하기 1,0,89.0,20601,https://school.programmers.co.kr/learn/courses/30/lessons/181869
ad 제거하기,0,89.0,15197,https://school.programmers.co.kr/learn/courses/30/lessons/181870
배열에서 문자열 대소문자 변환하기,0,89.0,18937,https://school.programmers.co.kr/learn/courses/30/lessons/181875
소문자로 바꾸기,0,89.0,26432,https://school.programmers.co.kr/learn/courses/30/lessons/181876
원하는 문자열 찾기,0,89.0,18950,https://school.programmers.co.kr/learn/courses/30/lessons/181878
길이에 따른 연산,0,89.0,23873,https://school.programmers.co.kr/learn/courses/30/lessons/181879
조건에 맞게 수열 변환하기 1,0,89.0,21346,https://school.programmers.co.kr/learn/courses/30/lessons/181882
n보다 커질 때까지 더하기,0,89.0,22846,https://school.programmers.co.kr/learn/courses/30/lessons/181884
할 일 목록,0,89.0,17254,https://school.programmers.co.kr/learn/courses/30/lessons/181885
5명씩,0,89.0,17973,https://school.programmers.co.kr/learn/courses/30/lessons/181886
홀수 vs 짝수,0,89.0,18574,https://school.programmers.co.kr/learn/courses/30/lessons/181887
n개 간격의 원소들,0,89.0,20002,https://school.programmers.co.kr/learn/courses/30/lessons/181888
순서 바꾸기,0,89.0,17395,https://school.programmers.co.kr/learn/courses/30/lessons/181891
배열 만들기 3,0,89.0,14257,https://school.programmers.co.kr/learn/courses/30/lessons/181895
첫 번째로 나오는 음수,0,89.0,23106,https://school.programmers.co.kr/learn/courses/30/lessons/181896
가까운 1 찾기,0,89.0,15478,https://school.programmers.co.kr/learn/courses/30/lessons/181898
카운트 다운,0,89.0,22511,https://school.programmers.co.kr/learn/courses/30/lessons/181899
배열 만들기 1,0,89.0,21261,https://school.programmers.co.kr/learn/courses/30/lessons/181901
접두사인지 확인하기,0,89.0,20945,https://school.programmers.co.kr/learn/courses/30/lessons/181906
문자열의 앞의 n글자,0,89.0,26745,https://school.programmers.co.kr/learn/courses/30/lessons/181907
접미사인지 확인하기,0,89.0,20011,https://school.programmers.co.kr/learn/courses/30/lessons/181908
접미사 배열,0,89.0,16322,https://school.programmers.co.kr/learn/courses/30/lessons/181909
문자열의 뒤의 n글자,0,89.0,26067,https://school.programmers.co.kr/learn/courses/30/lessons/181910
부분 문자열 이어 붙여 문자열 만들기,0,89.0,17843,https://school.programmers.co.kr/learn/courses/30/lessons/181911
9로 나눈 나머지,0,89.0,18278,https://school.programmers.co.kr/learn/courses/30/lessons/181914
글자 이어 붙여 문자열 만들기,0,89.0,23125,https://school.programmers.co.kr/learn/courses/30/lessons/181915
콜라츠 수열 만들기,0,89.0,19353,https://school.programmers.co.kr/learn/courses/30/lessons/181919
카운트 업,0,89.0,27977,https://school.programmers.co.kr/learn/courses/30/lessons/181920
수 조작하기 2,0,89.0,22015,https://school.programmers.co.kr/learn/courses/30/lessons/181925
수 조작하기 1,0,89.0,28888,https://school.programmers.co.kr/learn/courses/30/lessons/181926
마지막 두 원소,0,89.0,28040,https://school.programmers.co.kr/learn/courses/30/lessons/181927
주사위 게임 2,0,89.0,25438,https://school.programmers.co.kr/learn/courses/30/lessons/181930
문자열 돌리기,0,89.0,44906,https://school.programmers.co.kr/learn/courses/30/lessons/181945
덧셈식 출력하기,0,89.0,49650,https://school.programmers.co.kr/learn/courses/30/lessons/181947
A 강조하기,0,89.0,18500,https://school.programmers.co.kr/learn/courses/30/lessons/181874
간단한 식 계산하기,0,89.0,13692,https://school.programmers.co.kr/learn/courses/30/lessons/181865
특정한 문자를 대문자로 바꾸기,0,89.0,20272,https://school.programmers.co.kr/learn/courses/30/lessons/181873
머쓱이보다 키 큰 사람,0,89.0,46701,https://school.programmers.co.kr/learn/courses/30/lessons/120585
문자 리스트를 문자열로 변환하기,0,89.0,37715,https://school.programmers.co.kr/learn/courses/30/lessons/181941
조건에 맞게 수열 변환하기 3,0,89.0,20354,https://school.programmers.co.kr/learn/courses/30/lessons/181835
문자열 붙여서 출력하기,0,89.0,52230,https://school.programmers.co.kr/learn/courses/30/lessons/181946
l로 만들기,0,89.0,14043,https://school.programmers.co.kr/learn/courses/30/lessons/181834
n 번째 원소까지,0,89.0,23821,https://school.programmers.co.kr/learn/courses/30/lessons/181889
n 번째 원소부터,0,89.0,22349,https://school.programmers.co.kr/learn/courses/30/lessons/181892
대문자로 바꾸기,0,89.0,26583,https://school.programmers.co.kr/learn/courses/30/lessons/181877
정수 부분,0,89.0,29683,https://school.programmers.co.kr/learn/courses/30/lessons/181850
원소들의 곱과 합,0,89.0,31410,https://school.programmers.co.kr/learn/courses/30/lessons/181929
문자열을 정수로 바꾸기,1,88.0,75333,https://school.programmers.co.kr/learn/courses/30/lessons/12925
약수의 합,1,88.0,78488,https://school.programmers.co.kr/learn/courses/30/lessons/12928
자릿수 더하기,1,88.0,72577,https://school.programmers.co.kr/learn/courses/30/lessons/12931
자연수 뒤집어 배열로 만들기,1,88.0,65432,https://school.programmers.co.kr/learn/courses/30/lessons/12932
짝수와 홀수,1,88.0,85110,https://school.programmers.co.kr/learn/courses/30/lessons/12937
평균 구하기,1,88.0,83438,https://school.programmers.co.kr/learn/courses/30/lessons/12944
x만큼 간격이 있는 n개의 숫자,1,88.0,65947,https://school.programmers.co.kr/learn/courses/30/lessons/12954
나머지가 1이 되는 수 찾기,1,88.0,56670,https://school.programmers.co.kr/learn/courses/30/lessons/87389
피자 나눠 먹기 (2),0,88.0,29746,https://school.programmers.co.kr/learn/courses/30/lessons/120815
외계행성의 나이,0,88.0,26235,https://school.programmers.co.kr/learn/courses/30/lessons/120834
배열 회전시키기,0,88.0,24505,https://school.programmers.co.kr/learn/courses/30/lessons/120844
369게임,0,88.0,25008,https://school.programmers.co.kr/learn/courses/30/lessons/120891
조건에 맞는 도서와 저자 리스트 출력하기,2,88.0,26173,https://school.programmers.co.kr/learn/courses/30/lessons/144854
문자열 잘라서 정렬하기,0,88.0,12869,https://school.programmers.co.kr/learn/courses/30/lessons/181866
세로 읽기,0,88.0,14900,https://school.programmers.co.kr/learn/courses/30/lessons/181904
성분으로 구분한 아이스크림 총 주문량,2,88.0,23039,https://school.programmers.co.kr/learn/courses/30/lessons/133026
특별한 이차원 배열 2,0,88.0,12084,https://school.programmers.co.kr/learn/courses/30/lessons/181831
숫자 찾기,0,88.0,23958,https://school.programmers.co.kr/learn/courses/30/lessons/120904
특별한 이차원 배열 1,0,88.0,12154,https://school.programmers.co.kr/learn/courses/30/lessons/181833
두 정수 사이의 합,1,87.0,74183,https://school.programmers.co.kr/learn/courses/30/lessons/12912
문자열 내 p와 y의 개수,1,87.0,67238,https://school.programmers.co.kr/learn/courses/30/lessons/12916
정수 내림차순으로 배치하기,1,87.0,57674,https://school.programmers.co.kr/learn/courses/30/lessons/12933
정수 제곱근 판별,1,87.0,60733,https://school.programmers.co.kr/learn/courses/30/lessons/12934
하샤드 수,1,87.0,63680,https://school.programmers.co.kr/learn/courses/30/lessons/12947
오랜 기간 보호한 동물(1),3,87.0,49677,https://school.programmers.co.kr/learn/courses/30/lessons/59044
음양 더하기,1,87.0,59264,https://school.programmers.co.kr/learn/courses/30/lessons/76501
합성수 찾기,0,87.0,22381,https://school.programmers.co.kr/learn/courses/30/lessons/120846
중복된 문자 제거,0,87.0,23127,https://school.programmers.co.kr/learn/courses/30/lessons/120888
조건별로 분류하여 주문상태 출력하기,3,87.0,14928,https://school.programmers.co.kr/learn/courses/30/lessons/131113
상품 별 오프라인 매출 구하기,2,87.0,25193,https://school.programmers.co.kr/learn/courses/30/lessons/131533
카테고리 별 도서 판매량 집계하기,3,87.0,19435,https://school.programmers.co.kr/learn/courses/30/lessons/144855
대여 기록이 존재하는 자동차 리스트 구하기,3,87.0,13026,https://school.programmers.co.kr/learn/courses/30/lessons/157341
날짜 비교하기,0,87.0,12021,https://school.programmers.co.kr/learn/courses/30/lessons/181838
"빈 배열에 추가, 삭제하기",0,87.0,11483,https://school.programmers.co.kr/learn/courses/30/lessons/181860
수열과 구간 쿼리 1,0,87.0,12342,https://school.programmers.co.kr/learn/courses/30/lessons/181883
글자 지우기,0,87.0,14032,https://school.programmers.co.kr/learn/courses/30/lessons/181900
배열 만들기 5,0,87.0,14865,https://school.programmers.co.kr/learn/courses/30/lessons/181912
등차수열의 특정한 항만 더하기,0,87.0,24191,https://school.programmers.co.kr/learn/courses/30/lessons/181931
문자열 섞기,0,87.0,35123,https://school.programmers.co.kr/learn/courses/30/lessons/181942
없는 숫자 더하기,1,87.0,57922,https://school.programmers.co.kr/learn/courses/30/lessons/86051
이차원 배열 대각선 순회하기,0,87.0,11163,https://school.programmers.co.kr/learn/courses/30/lessons/181829
나누어 떨어지는 숫자 배열,1,86.0,62654,https://school.programmers.co.kr/learn/courses/30/lessons/12910
서울에서 김서방 찾기,1,86.0,68432,https://school.programmers.co.kr/learn/courses/30/lessons/12919
콜라츠 추측,1,86.0,59858,https://school.programmers.co.kr/learn/courses/30/lessons/12943
있었는데요 없었습니다,3,86.0,54085,https://school.programmers.co.kr/learn/courses/30/lessons/59043
오랜 기간 보호한 동물(2),3,86.0,37136,https://school.programmers.co.kr/learn/courses/30/lessons/59411
모스부호 (1),0,86.0,22464,https://school.programmers.co.kr/learn/courses/30/lessons/120838
2차원으로 만들기,0,86.0,21554,https://school.programmers.co.kr/learn/courses/30/lessons/120842
A로 B 만들기,0,86.0,20021,https://school.programmers.co.kr/learn/courses/30/lessons/120886
k의 개수,0,86.0,19360,https://school.programmers.co.kr/learn/courses/30/lessons/120887
조건에 맞는 도서 리스트 출력하기,1,86.0,29929,https://school.programmers.co.kr/learn/courses/30/lessons/144853
조건에 맞는 사용자와 총 거래금액 조회하기,3,86.0,16981,https://school.programmers.co.kr/learn/courses/30/lessons/164668
배열의 길이를 2의 거듭제곱으로 만들기,0,86.0,10509,https://school.programmers.co.kr/learn/courses/30/lessons/181857
문자열이 몇 번 등장하는지 세기,0,86.0,11747,https://school.programmers.co.kr/learn/courses/30/lessons/181871
특정 문자열로 끝나는 가장 긴 부분 문자열 찾기,0,86.0,11575,https://school.programmers.co.kr/learn/courses/30/lessons/181872
1로 만들기,0,86.0,12950,https://school.programmers.co.kr/learn/courses/30/lessons/181880
문자열 뒤집기,0,86.0,14578,https://school.programmers.co.kr/learn/courses/30/lessons/181905
수열과 구간 쿼리 3,0,86.0,19481,https://school.programmers.co.kr/learn/courses/30/lessons/181924
가운데 글자 가져오기,1,85.0,72295,https://school.programmers.co.kr/learn/courses/30/lessons/12903
제일 작은 수 제거하기,1,85.0,55583,https://school.programmers.co.kr/learn/courses/30/lessons/12935
핸드폰 번호 가리기,1,85.0,66198,https://school.programmers.co.kr/learn/courses/30/lessons/12948
보호소에서 중성화한 동물,4,85.0,44493,https://school.programmers.co.kr/learn/courses/30/lessons/59045
내적,1,85.0,56602,https://school.programmers.co.kr/learn/courses/30/lessons/70128
진료순서 정하기,0,85.0,22456,https://school.programmers.co.kr/learn/courses/30/lessons/120835
팩토리얼,0,85.0,21450,https://school.programmers.co.kr/learn/courses/30/lessons/120848
숨어있는 숫자의 덧셈 (2),0,85.0,17343,https://school.programmers.co.kr/learn/courses/30/lessons/120864
가까운 수,0,85.0,19383,https://school.programmers.co.kr/learn/courses/30/lessons/120890
한 번만 등장한 문자,0,85.0,19701,https://school.programmers.co.kr/learn/courses/30/lessons/120896
7의 개수,0,85.0,22110,https://school.programmers.co.kr/learn/courses/30/lessons/120912
3월에 태어난 여성 회원 목록 출력하기,2,85.0,34163,https://school.programmers.co.kr/learn/courses/30/lessons/131120
문자열 묶기,0,85.0,10616,https://school.programmers.co.kr/learn/courses/30/lessons/181855
세 개의 구분자,0,85.0,10832,https://school.programmers.co.kr/learn/courses/30/lessons/181862
2의 영역,0,85.0,12536,https://school.programmers.co.kr/learn/courses/30/lessons/181894
리스트 자르기,0,85.0,12675,https://school.programmers.co.kr/learn/courses/30/lessons/181897
간단한 논리 연산,0,85.0,16543,https://school.programmers.co.kr/learn/courses/30/lessons/181917
문자열 반복해서 출력하기,0,85.0,58771,https://school.programmers.co.kr/learn/courses/30/lessons/181950
식품분류별 가장 비싼 식품의 정보 조회하기,4,85.0,15055,https://school.programmers.co.kr/learn/courses/30/lessons/131116
수박수박수박수박수박수?,1,84.0,68642,https://school.programmers.co.kr/learn/courses/30/lessons/12922
루시와 엘라 찾기,2,84.0,46716,https://school.programmers.co.kr/learn/courses/30/lessons/59046
약수의 개수와 덧셈,1,84.0,45830,https://school.programmers.co.kr/learn/courses/30/lessons/77884
컨트롤 제트,0,84.0,19879,https://school.programmers.co.kr/learn/courses/30/lessons/120853
5월 식품들의 총매출 조회하기,4,84.0,17052,https://school.programmers.co.kr/learn/courses/30/lessons/131117
즐겨찾기가 가장 많은 식당 정보 출력하기,3,84.0,19755,https://school.programmers.co.kr/learn/courses/30/lessons/131123
가격대 별 상품 개수 구하기,2,84.0,19724,https://school.programmers.co.kr/learn/courses/30/lessons/131530
과일로 만든 아이스크림 고르기,1,84.0,31622,https://school.programmers.co.kr/learn/courses/30/lessons/133025
커피 심부름,0,84.0,11462,https://school.programmers.co.kr/learn/courses/30/lessons/181837
조건에 맞게 수열 변환하기 2,0,84.0,10497,https://school.programmers.co.kr/learn/courses/30/lessons/181881
qr code,0,84.0,14209,https://school.programmers.co.kr/learn/courses/30/lessons/181903
수열과 구간 쿼리 4,0,84.0,16171,https://school.programmers.co.kr/learn/courses/30/lessons/181922
특수문자 출력하기,0,84.0,47349,https://school.programmers.co.kr/learn/courses/30/lessons/181948
[PCCE 기출문제] 5번 / 산책,0,84.0,14435,https://school.programmers.co.kr/learn/courses/30/lessons/250129
연도 별 평균 미세먼지 농도 조회하기,2,84.0,5332,https://school.programmers.co.kr/learn/courses/30/lessons/284530
물고기 종류 별 잡은 수 구하기,2,84.0,6311,https://school.programmers.co.kr/learn/courses/30/lessons/293257
잔챙이 잡은 수 구하기,1,84.0,9600,https://school.programmers.co.kr/learn/courses/30/lessons/293258
잡은 물고기 중 가장 큰 물고기의 길이 구하기,1,84.0,9935,https://school.programmers.co.kr/learn/courses/30/lessons/298515
평균 일일 대여 요금 구하기,1,84.0,36032,https://school.programmers.co.kr/learn/courses/30/lessons/151136
잘라서 배열로 저장하기,0,84.0,19537,https://school.programmers.co.kr/learn/courses/30/lessons/120913
문자열 내림차순으로 배치하기,1,83.0,56003,https://school.programmers.co.kr/learn/courses/30/lessons/12917
모든 레코드 조회하기,1,83.0,87303,https://school.programmers.co.kr/learn/courses/30/lessons/59034
부족한 금액 계산하기,1,83.0,51195,https://school.programmers.co.kr/learn/courses/30/lessons/82612
소인수분해,0,83.0,17216,https://school.programmers.co.kr/learn/courses/30/lessons/120852
이진수 더하기,0,83.0,15928,https://school.programmers.co.kr/learn/courses/30/lessons/120885
특정 옵션이 포함된 자동차 리스트 구하기,1,83.0,20129,https://school.programmers.co.kr/learn/courses/30/lessons/157343
배열 만들기 6,0,83.0,9981,https://school.programmers.co.kr/learn/courses/30/lessons/181859
왼쪽 오른쪽,0,83.0,11518,https://school.programmers.co.kr/learn/courses/30/lessons/181890
문자 개수 세기,0,83.0,12639,https://school.programmers.co.kr/learn/courses/30/lessons/181902
배열 만들기 4,0,83.0,15416,https://school.programmers.co.kr/learn/courses/30/lessons/181918
조건 문자열,0,83.0,27475,https://school.programmers.co.kr/learn/courses/30/lessons/181934
ROOT 아이템 구하기,2,83.0,6992,https://school.programmers.co.kr/learn/courses/30/lessons/273710
부서별 평균 연봉 조회하기,3,83.0,5810,https://school.programmers.co.kr/learn/courses/30/lessons/284529
월별 잡은 물고기 수 구하기,2,83.0,6549,https://school.programmers.co.kr/learn/courses/30/lessons/293260
공 던지기,0,82.0,19205,https://school.programmers.co.kr/learn/courses/30/lessons/120843
문자열 계산하기,0,82.0,18040,https://school.programmers.co.kr/learn/courses/30/lessons/120902
조건에 맞는 사용자 정보 조회하기,3,82.0,11930,https://school.programmers.co.kr/learn/courses/30/lessons/164670
두 수의 합,0,82.0,10819,https://school.programmers.co.kr/learn/courses/30/lessons/181846
문자열 여러 번 뒤집기,0,82.0,14106,https://school.programmers.co.kr/learn/courses/30/lessons/181913
[PCCE 기출문제] 4번 / 저축,0,82.0,15176,https://school.programmers.co.kr/learn/courses/30/lessons/250130
Python 개발자 찾기,1,82.0,11004,https://school.programmers.co.kr/learn/courses/30/lessons/276013
영어가 싫어요,0,82.0,18804,https://school.programmers.co.kr/learn/courses/30/lessons/120894
문자열 다루기 기본,1,81.0,61058,https://school.programmers.co.kr/learn/courses/30/lessons/12918
행렬의 덧셈,1,81.0,52464,https://school.programmers.co.kr/learn/courses/30/lessons/12950
없어진 기록 찾기,3,81.0,56532,https://school.programmers.co.kr/learn/courses/30/lessons/59042
구슬을 나누는 경우의 수,0,81.0,18484,https://school.programmers.co.kr/learn/courses/30/lessons/120840
삼각형의 완성조건 (2),0,81.0,16296,https://school.programmers.co.kr/learn/courses/30/lessons/120868
조건에 부합하는 중고거래 상태 조회하기,2,81.0,16779,https://school.programmers.co.kr/learn/courses/30/lessons/164672
무작위로 K개의 수 뽑기,0,81.0,10263,https://school.programmers.co.kr/learn/courses/30/lessons/181858
수열과 구간 쿼리 2,0,81.0,17096,https://school.programmers.co.kr/learn/courses/30/lessons/181923
잡은 물고기의 평균 길이 구하기,1,81.0,7845,https://school.programmers.co.kr/learn/courses/30/lessons/293259
한 해에 잡은 물고기 수 구하기,1,81.0,7488,https://school.programmers.co.kr/learn/courses/30/lessons/298516
대장균의 크기에 따라 분류하기 1,3,81.0,6526,https://school.programmers.co.kr/learn/courses/30/lessons/299307
최댓값과 최솟값,2,80.0,51632,https://school.programmers.co.kr/learn/courses/30/lessons/12939
직사각형 별찍기,1,80.0,57859,https://school.programmers.co.kr/learn/courses/30/lessons/12969
최댓값 구하기,1,80.0,76076,https://school.programmers.co.kr/learn/courses/30/lessons/59415
[PCCE 기출문제] 2번 / 피타고라스의 정리,0,80.0,20535,https://school.programmers.co.kr/learn/courses/30/lessons/250132
[PCCE 기출문제] 4번 / 병과분류,0,80.0,7983,https://school.programmers.co.kr/learn/courses/30/lessons/340204
올바른 괄호,2,79.0,60002,https://school.programmers.co.kr/learn/courses/30/lessons/12909
최솟값 만들기,2,79.0,41203,https://school.programmers.co.kr/learn/courses/30/lessons/12941
JadenCase 문자열 만들기,2,79.0,39730,https://school.programmers.co.kr/learn/courses/30/lessons/12951
취소되지 않은 진료 예약 조회하기,4,79.0,10797,https://school.programmers.co.kr/learn/courses/30/lessons/132204
정사각형으로 만들기,0,79.0,9109,https://school.programmers.co.kr/learn/courses/30/lessons/181830
문자열 겹쳐쓰기,0,79.0,37988,https://school.programmers.co.kr/learn/courses/30/lessons/181943
a와 b 출력하기,0,79.0,63921,https://school.programmers.co.kr/learn/courses/30/lessons/181951
[PCCE 기출문제] 7번 / 가습기,0,79.0,10740,https://school.programmers.co.kr/learn/courses/30/lessons/250127
[PCCE 기출문제] 3번 / 나이 계산,0,79.0,17441,https://school.programmers.co.kr/learn/courses/30/lessons/250131
조건에 맞는 사원 정보 조회하기,2,79.0,5917,https://school.programmers.co.kr/learn/courses/30/lessons/284527
특정 물고기를 잡은 총 수 구하기,2,79.0,9013,https://school.programmers.co.kr/learn/courses/30/lessons/298518
자동차 대여 기록에서 대여중 / 대여 가능 여부 구분하기,3,79.0,14059,https://school.programmers.co.kr/learn/courses/30/lessons/157340
그림 확대,0,79.0,9232,https://school.programmers.co.kr/learn/courses/30/lessons/181836
같은 숫자는 싫어,1,78.0,77705,https://school.programmers.co.kr/learn/courses/30/lessons/12906
최대공약수와 최소공배수,1,78.0,45917,https://school.programmers.co.kr/learn/courses/30/lessons/12940
캐릭터의 좌표,0,78.0,16173,https://school.programmers.co.kr/learn/courses/30/lessons/120861
외계어 사전,0,78.0,16795,https://school.programmers.co.kr/learn/courses/30/lessons/120869
종이 자르기,0,78.0,19845,https://school.programmers.co.kr/learn/courses/30/lessons/120922
재구매가 일어난 상품과 회원 리스트 구하기,2,78.0,34248,https://school.programmers.co.kr/learn/courses/30/lessons/131536
전국 대회 선발 고사,0,78.0,10145,https://school.programmers.co.kr/learn/courses/30/lessons/181851
예산,1,77.0,45581,https://school.programmers.co.kr/learn/courses/30/lessons/12982
3진법 뒤집기,1,77.0,41701,https://school.programmers.co.kr/learn/courses/30/lessons/68935
이진 변환 반복하기,2,77.0,32282,https://school.programmers.co.kr/learn/courses/30/lessons/70129
직사각형 넓이 구하기,0,77.0,16270,https://school.programmers.co.kr/learn/courses/30/lessons/120860
로그인 성공?,0,77.0,17231,https://school.programmers.co.kr/learn/courses/30/lessons/120883
서울에 위치한 식당 목록 출력하기,4,77.0,21610,https://school.programmers.co.kr/learn/courses/30/lessons/131118
크기가 작은 부분 문자열,1,77.0,30238,https://school.programmers.co.kr/learn/courses/30/lessons/147355
자동차 대여 기록에서 장기/단기 대여 구분하기,1,77.0,17513,https://school.programmers.co.kr/learn/courses/30/lessons/151138
자동차 평균 대여 기간 구하기,2,77.0,15541,https://school.programmers.co.kr/learn/courses/30/lessons/157342
조회수가 가장 많은 중고거래 게시판의 첨부파일 조회하기,3,77.0,13004,https://school.programmers.co.kr/learn/courses/30/lessons/164671
대소문자 바꿔서 출력하기,0,77.0,49200,https://school.programmers.co.kr/learn/courses/30/lessons/181949
삼총사,1,77.0,27960,https://school.programmers.co.kr/learn/courses/30/lessons/131705
[PCCE 기출문제] 2번 / 각도 합치기,0,77.0,10397,https://school.programmers.co.kr/learn/courses/30/lessons/340206
숫자의 표현,2,76.0,32554,https://school.programmers.co.kr/learn/courses/30/lessons/12924
이상한 문자 만들기,1,76.0,48621,https://school.programmers.co.kr/learn/courses/30/lessons/12930
등수 매기기,0,76.0,14209,https://school.programmers.co.kr/learn/courses/30/lessons/120882
치킨 쿠폰,0,76.0,15483,https://school.programmers.co.kr/learn/courses/30/lessons/120884
[PCCE 기출문제] 5번 / 심폐소생술,0,76.0,6538,https://school.programmers.co.kr/learn/courses/30/lessons/340203
다음 큰 숫자,2,75.0,32560,https://school.programmers.co.kr/learn/courses/30/lessons/12911
최소직사각형,1,75.0,51419,https://school.programmers.co.kr/learn/courses/30/lessons/86491
저주의 숫자 3,0,75.0,15533,https://school.programmers.co.kr/learn/courses/30/lessons/120871
"년, 월, 성별 별 상품 구매 회원 수 구하기",4,75.0,14885,https://school.programmers.co.kr/learn/courses/30/lessons/131532
저자 별 카테고리 별 매출액 집계하기,4,75.0,14171,https://school.programmers.co.kr/learn/courses/30/lessons/144856
[PCCE 기출문제] 8번 / 닉네임 규칙,0,75.0,4815,https://school.programmers.co.kr/learn/courses/30/lessons/340200
피보나치 수,2,74.0,41489,https://school.programmers.co.kr/learn/courses/30/lessons/12945
짝지어 제거하기,2,74.0,33444,https://school.programmers.co.kr/learn/courses/30/lessons/12973
헤비 유저가 소유한 장소,3,74.0,17287,https://school.programmers.co.kr/learn/courses/30/lessons/77487
유한소수 판별하기,0,74.0,12676,https://school.programmers.co.kr/learn/courses/30/lessons/120878
문자열 밀기,0,74.0,16831,https://school.programmers.co.kr/learn/courses/30/lessons/120921
배열 만들기 2,0,74.0,16514,https://school.programmers.co.kr/learn/courses/30/lessons/181921
[PCCE 기출문제] 6번 / 가채점,0,74.0,10980,https://school.programmers.co.kr/learn/courses/30/lessons/250128
특정 조건을 만족하는 물고기별 수와 최대 길이 구하기,3,74.0,4905,https://school.programmers.co.kr/learn/courses/30/lessons/298519
시저 암호,1,73.0,44009,https://school.programmers.co.kr/learn/courses/30/lessons/12926
카펫,2,73.0,53523,https://school.programmers.co.kr/learn/courses/30/lessons/42842
우유와 요거트가 담긴 장바구니,4,73.0,17391,https://school.programmers.co.kr/learn/courses/30/lessons/62284
특이한 정렬,0,73.0,13452,https://school.programmers.co.kr/learn/courses/30/lessons/120880
주문량이 많은 아이스크림들 조회하기,4,73.0,17567,https://school.programmers.co.kr/learn/courses/30/lessons/133027
가장 가까운 같은 글자,1,73.0,26350,https://school.programmers.co.kr/learn/courses/30/lessons/142086
대여 횟수가 많은 자동차들의 월별 대여 횟수 구하기,3,73.0,13567,https://school.programmers.co.kr/learn/courses/30/lessons/151139
코드 처리하기,0,73.0,23245,https://school.programmers.co.kr/learn/courses/30/lessons/181932
가장 큰 물고기 10마리 구하기,1,73.0,10852,https://school.programmers.co.kr/learn/courses/30/lessons/298517
K번째수,1,72.0,100941,https://school.programmers.co.kr/learn/courses/30/lessons/42748
두 개 뽑아서 더하기,1,72.0,54448,https://school.programmers.co.kr/learn/courses/30/lessons/68644
숫자 문자열과 영단어,1,72.0,54333,https://school.programmers.co.kr/learn/courses/30/lessons/81301
푸드 파이트 대회,1,72.0,24943,https://school.programmers.co.kr/learn/courses/30/lessons/134240
배열 조각하기,0,72.0,12528,https://school.programmers.co.kr/learn/courses/30/lessons/181893
노선별 평균 역 사이 거리 조회하기,2,72.0,6108,https://school.programmers.co.kr/learn/courses/30/lessons/284531
[PCCE 기출문제] 3번 / 수 나누기,0,72.0,7952,https://school.programmers.co.kr/learn/courses/30/lessons/340205
[PCCE 기출문제] 1번 / 문자 출력,0,72.0,15084,https://school.programmers.co.kr/learn/courses/30/lessons/340207
다항식 더하기,0,72.0,13607,https://school.programmers.co.kr/learn/courses/30/lessons/120863
문자열 내 마음대로 정렬하기,1,71.0,44055,https://school.programmers.co.kr/learn/courses/30/lessons/12915
점프와 순간 이동,2,71.0,23579,https://school.programmers.co.kr/learn/courses/30/lessons/12980
구명보트,2,71.0,38751,https://school.programmers.co.kr/learn/courses/30/lessons/42885
콜라 문제,1,71.0,23739,https://school.programmers.co.kr/learn/courses/30/lessons/132267
귤 고르기,2,71.0,20259,https://school.programmers.co.kr/learn/courses/30/lessons/138476
명예의 전당 (1),1,71.0,21182,https://school.programmers.co.kr/learn/courses/30/lessons/138477
문자열 출력하기,0,71.0,72751,https://school.programmers.co.kr/learn/courses/30/lessons/181952
[PCCE 기출문제] 1번 / 출력,0,71.0,26079,https://school.programmers.co.kr/learn/courses/30/lessons/250133
업그레이드 할 수 없는 아이템 구하기,3,71.0,5590,https://school.programmers.co.kr/learn/courses/30/lessons/273712
연간 평가점수에 해당하는 평가 등급 및 성과금 조회하기,4,71.0,3769,https://school.programmers.co.kr/learn/courses/30/lessons/284528
대장균들의 자식의 수 구하기,3,71.0,6304,https://school.programmers.co.kr/learn/courses/30/lessons/299305
멀리 뛰기,2,70.0,24243,https://school.programmers.co.kr/learn/courses/30/lessons/12914
N개의 최소공배수,2,70.0,27809,https://school.programmers.co.kr/learn/courses/30/lessons/12953
영어 끝말잇기,2,70.0,30409,https://school.programmers.co.kr/learn/courses/30/lessons/12981
예상 대진표,2,70.0,25363,https://school.programmers.co.kr/learn/courses/30/lessons/12985
[1차] 비밀지도,1,70.0,40332,https://school.programmers.co.kr/learn/courses/30/lessons/17681
최빈값 구하기,0,70.0,26808,https://school.programmers.co.kr/learn/courses/30/lessons/120812
카드 뭉치,1,70.0,22927,https://school.programmers.co.kr/learn/courses/30/lessons/159994
추억 점수,1,70.0,29632,https://school.programmers.co.kr/learn/courses/30/lessons/176963
그룹별 조건에 맞는 식당 목록 출력하기,4,70.0,14586,https://school.programmers.co.kr/learn/courses/30/lessons/131124
OX퀴즈,0,69.0,17951,https://school.programmers.co.kr/learn/courses/30/lessons/120907
연속 부분 수열 합의 개수,2,69.0,14238,https://school.programmers.co.kr/learn/courses/30/lessons/131701
물고기 종류 별 대어 찾기,3,69.0,7474,https://school.programmers.co.kr/learn/courses/30/lessons/293261
조건에 부합하는 중고거래 댓글 조회하기,1,69.0,28039,https://school.programmers.co.kr/learn/courses/30/lessons/164673
분기별 분화된 대장균의 개체 수 구하기,2,69.0,4587,https://school.programmers.co.kr/learn/courses/30/lessons/299308
괄호 회전하기,2,68.0,21952,https://school.programmers.co.kr/learn/courses/30/lessons/76502
할인 행사,2,68.0,15511,https://school.programmers.co.kr/learn/courses/30/lessons/131127
n^2 배열 자르기,2,67.0,16288,https://school.programmers.co.kr/learn/courses/30/lessons/87390
폰켓몬,1,66.0,61346,https://school.programmers.co.kr/learn/courses/30/lessons/1845
2016년,1,66.0,51476,https://school.programmers.co.kr/learn/courses/30/lessons/12901
의상,2,66.0,62744,https://school.programmers.co.kr/learn/courses/30/lessons/42578
기능개발,2,66.0,69380,https://school.programmers.co.kr/learn/courses/30/lessons/42586
H-Index,2,66.0,51602,https://school.programmers.co.kr/learn/courses/30/lessons/42747
피로도,2,66.0,26092,https://school.programmers.co.kr/learn/courses/30/lessons/87946
다음에 올 숫자,0,66.0,20913,https://school.programmers.co.kr/learn/courses/30/lessons/120924
오프라인/온라인 판매 데이터 통합하기,4,66.0,21473,https://school.programmers.co.kr/learn/courses/30/lessons/131537
기사단원의 무기,1,66.0,19178,https://school.programmers.co.kr/learn/courses/30/lessons/136798
행렬의 곱셈,2,66.0,23412,https://school.programmers.co.kr/learn/courses/30/lessons/12949
[1차] 캐시,2,65.0,22101,https://school.programmers.co.kr/learn/courses/30/lessons/17680
모의고사,1,65.0,80670,https://school.programmers.co.kr/learn/courses/30/lessons/42840
튜플,2,65.0,25060,https://school.programmers.co.kr/learn/courses/30/lessons/64065
연속된 수의 합,0,65.0,18461,https://school.programmers.co.kr/learn/courses/30/lessons/120923
[PCCE 기출문제] 8번 / 창고 정리,0,65.0,9228,https://school.programmers.co.kr/learn/courses/30/lessons/250126
업그레이드 된 아이템 구하기,2,65.0,7390,https://school.programmers.co.kr/learn/courses/30/lessons/273711
전화번호 목록,2,64.0,68348,https://school.programmers.co.kr/learn/courses/30/lessons/42577
프로세스,2,64.0,55260,https://school.programmers.co.kr/learn/courses/30/lessons/42587
롤케이크 자르기,2,64.0,10763,https://school.programmers.co.kr/learn/courses/30/lessons/132265
과일 장수,1,64.0,23498,https://school.programmers.co.kr/learn/courses/30/lessons/135808
덧칠하기,1,64.0,19132,https://school.programmers.co.kr/learn/courses/30/lessons/161989
[PCCE 기출문제] 6번 / 물 부족,0,64.0,4857,https://school.programmers.co.kr/learn/courses/30/lessons/340202
게임 맵 최단거리,2,63.0,32921,https://school.programmers.co.kr/learn/courses/30/lessons/1844
소수 찾기,1,63.0,36009,https://school.programmers.co.kr/learn/courses/30/lessons/12921
소수 만들기,1,63.0,40332,https://school.programmers.co.kr/learn/courses/30/lessons/12977
[1차] 뉴스 클러스터링,2,63.0,21018,https://school.programmers.co.kr/learn/courses/30/lessons/17677
타겟 넘버,2,63.0,62097,https://school.programmers.co.kr/learn/courses/30/lessons/43165
옹알이 (2),1,63.0,15207,https://school.programmers.co.kr/learn/courses/30/lessons/133499
[3차] n진수 게임,2,62.0,14723,https://school.programmers.co.kr/learn/courses/30/lessons/17687
실패율,1,62.0,39258,https://school.programmers.co.kr/learn/courses/30/lessons/42889
정수 삼각형,3,62.0,30889,https://school.programmers.co.kr/learn/courses/30/lessons/43105
네트워크,3,62.0,44520,https://school.programmers.co.kr/learn/courses/30/lessons/43162
방문 길이,2,62.0,15968,https://school.programmers.co.kr/learn/courses/30/lessons/49994
모음사전,2,62.0,22296,https://school.programmers.co.kr/learn/courses/30/lessons/84512
k진수에서 소수 개수 구하기,2,62.0,17180,https://school.programmers.co.kr/learn/courses/30/lessons/92335
분수의 덧셈,0,62.0,34892,https://school.programmers.co.kr/learn/courses/30/lessons/120808
안전지대,0,62.0,15159,https://school.programmers.co.kr/learn/courses/30/lessons/120866
뒤에 있는 큰 수 찾기,2,62.0,12923,https://school.programmers.co.kr/learn/courses/30/lessons/154539
[PCCE 기출문제] 9번 / 지폐 접기,1,62.0,6033,https://school.programmers.co.kr/learn/courses/30/lessons/340199
야근 지수,3,61.0,13065,https://school.programmers.co.kr/learn/courses/30/lessons/12927
[3차] 압축,2,61.0,14334,https://school.programmers.co.kr/learn/courses/30/lessons/17684
주식가격,2,61.0,47428,https://school.programmers.co.kr/learn/courses/30/lessons/42584
더 맵게,2,61.0,45746,https://school.programmers.co.kr/learn/courses/30/lessons/42626
이중우선순위큐,3,61.0,27530,https://school.programmers.co.kr/learn/courses/30/lessons/42628
단어 변환,3,61.0,33788,https://school.programmers.co.kr/learn/courses/30/lessons/43163
입양 시각 구하기(2),4,61.0,33787,https://school.programmers.co.kr/learn/courses/30/lessons/59413
주사위 게임 3,0,61.0,14474,https://school.programmers.co.kr/learn/courses/30/lessons/181916
땅따먹기,2,61.0,16629,https://school.programmers.co.kr/learn/courses/30/lessons/12913
[1차] 다트 게임,1,60.0,29918,https://school.programmers.co.kr/learn/courses/30/lessons/17682
스킬트리,2,60.0,25761,https://school.programmers.co.kr/learn/courses/30/lessons/49993
주차 요금 계산,2,60.0,18680,https://school.programmers.co.kr/learn/courses/30/lessons/92341
겹치는 선분의 길이,0,60.0,12836,https://school.programmers.co.kr/learn/courses/30/lessons/120876
택배상자,2,60.0,8803,https://school.programmers.co.kr/learn/courses/30/lessons/131704
[PCCE 기출문제] 7번 / 버스,0,60.0,4214,https://school.programmers.co.kr/learn/courses/30/lessons/340201
등굣길,3,60.0,20381,https://school.programmers.co.kr/learn/courses/30/lessons/42898
로또의 최고 순위와 최저 순위,1,59.0,47524,https://school.programmers.co.kr/learn/courses/30/lessons/77484
문자열 나누기,1,59.0,18612,https://school.programmers.co.kr/learn/courses/30/lessons/140108
숫자 변환하기,2,59.0,10253,https://school.programmers.co.kr/learn/courses/30/lessons/154538
둘만의 암호,1,59.0,17258,https://school.programmers.co.kr/learn/courses/30/lessons/155652
대충 만든 자판,1,59.0,15845,https://school.programmers.co.kr/learn/courses/30/lessons/160586
[PCCE 기출문제] 9번 / 이웃한 칸,1,59.0,9299,https://school.programmers.co.kr/learn/courses/30/lessons/250125
특정 세대의 대장균 찾기,4,59.0,4237,https://school.programmers.co.kr/learn/courses/30/lessons/301650
2 x n 타일링,2,58.0,15195,https://school.programmers.co.kr/learn/courses/30/lessons/12900
최고의 집합,3,58.0,12669,https://school.programmers.co.kr/learn/courses/30/lessons/12938
숫자 게임,3,58.0,9830,https://school.programmers.co.kr/learn/courses/30/lessons/12987
[3차] 파일명 정렬,2,58.0,13560,https://school.programmers.co.kr/learn/courses/30/lessons/17686
완주하지 못한 선수,1,58.0,102101,https://school.programmers.co.kr/learn/courses/30/lessons/42576
오픈채팅방,2,58.0,35195,https://school.programmers.co.kr/learn/courses/30/lessons/42888
체육복,1,58.0,60055,https://school.programmers.co.kr/learn/courses/30/lessons/42862
[1차] 프렌즈4블록,2,57.0,13237,https://school.programmers.co.kr/learn/courses/30/lessons/17679
단속카메라,3,57.0,16772,https://school.programmers.co.kr/learn/courses/30/lessons/42884
대장균의 크기에 따라 분류하기 2,3,57.0,4724,https://school.programmers.co.kr/learn/courses/30/lessons/301649
연도별 대장균 크기의 편차 구하기,2,57.0,5996,https://school.programmers.co.kr/learn/courses/30/lessons/299310
기지국 설치,3,56.0,8041,https://school.programmers.co.kr/learn/courses/30/lessons/12979
2개 이하로 다른 비트,2,56.0,8923,https://school.programmers.co.kr/learn/courses/30/lessons/77885
햄버거 만들기,1,56.0,17357,https://school.programmers.co.kr/learn/courses/30/lessons/133502
조건에 맞는 개발자 찾기,2,56.0,6449,https://school.programmers.co.kr/learn/courses/30/lessons/276034
숫자 짝꿍,1,56.0,16505,https://school.programmers.co.kr/learn/courses/30/lessons/131128
베스트앨범,3,55.0,40043,https://school.programmers.co.kr/learn/courses/30/lessons/42579
가장 큰 수,2,55.0,53969,https://school.programmers.co.kr/learn/courses/30/lessons/42746
소수 찾기,2,55.0,41899,https://school.programmers.co.kr/learn/courses/30/lessons/42839
쿼드압축 후 개수 세기,2,55.0,10878,https://school.programmers.co.kr/learn/courses/30/lessons/68936
두 큐 합 같게 만들기,2,55.0,14286,https://school.programmers.co.kr/learn/courses/30/lessons/118667
다리를 지나는 트럭,2,54.0,42603,https://school.programmers.co.kr/learn/courses/30/lessons/42583
큰 수 만들기,2,54.0,30341,https://school.programmers.co.kr/learn/courses/30/lessons/42883
삼각 달팽이,2,54.0,14871,https://school.programmers.co.kr/learn/courses/30/lessons/68645
[PCCE 기출문제] 10번 / 데이터 분석,1,54.0,8016,https://school.programmers.co.kr/learn/courses/30/lessons/250121
연속된 부분 수열의 합,2,54.0,12119,https://school.programmers.co.kr/learn/courses/30/lessons/178870
스티커 모으기(2),3,53.0,5222,https://school.programmers.co.kr/learn/courses/30/lessons/12971
크레인 인형뽑기 게임,1,53.0,45295,https://school.programmers.co.kr/learn/courses/30/lessons/64061
키패드 누르기,1,53.0,36189,https://school.programmers.co.kr/learn/courses/30/lessons/67256
성격 유형 검사하기,1,53.0,23781,https://school.programmers.co.kr/learn/courses/30/lessons/118666
평행,0,53.0,14523,https://school.programmers.co.kr/learn/courses/30/lessons/120875
마법의 엘리베이터,2,53.0,8208,https://school.programmers.co.kr/learn/courses/30/lessons/148653
시소 짝꿍,2,53.0,6872,https://school.programmers.co.kr/learn/courses/30/lessons/152996
서버 증설 횟수,2,53.0,1744,https://school.programmers.co.kr/learn/courses/30/lessons/389479
전력망을 둘로 나누기,2,53.0,17381,https://school.programmers.co.kr/learn/courses/30/lessons/86971
숫자 카드 나누기,2,52.0,6199,https://school.programmers.co.kr/learn/courses/30/lessons/135807
호텔 대실,2,52.0,9535,https://school.programmers.co.kr/learn/courses/30/lessons/155651
124 나라의 숫자,2,51.0,26418,https://school.programmers.co.kr/learn/courses/30/lessons/12899
배달,2,51.0,11542,https://school.programmers.co.kr/learn/courses/30/lessons/12978
불량 사용자,3,51.0,10981,https://school.programmers.co.kr/learn/courses/30/lessons/64064
보석 쇼핑,3,51.0,10468,https://school.programmers.co.kr/learn/courses/30/lessons/67258
신규 아이디 추천,1,51.0,42870,https://school.programmers.co.kr/learn/courses/30/lessons/72410
메뉴 리뉴얼,2,51.0,17561,https://school.programmers.co.kr/learn/courses/30/lessons/72411
미로 탈출,2,51.0,8908,https://school.programmers.co.kr/learn/courses/30/lessons/159993
바탕화면 정리,1,51.0,18289,https://school.programmers.co.kr/learn/courses/30/lessons/161990
자동차 대여 기록 별 대여 금액 구하기,4,50.0,6844,https://school.programmers.co.kr/learn/courses/30/lessons/151141
FrontEnd 개발자 찾기,4,50.0,3641,https://school.programmers.co.kr/learn/courses/30/lessons/276035
[3차] 방금그곡,2,49.0,10335,https://school.programmers.co.kr/learn/courses/30/lessons/17683
가장 먼 노드,3,49.0,23606,https://school.programmers.co.kr/learn/courses/30/lessons/49189
징검다리 건너기,3,49.0,8811,https://school.programmers.co.kr/learn/courses/30/lessons/64062
무인도 여행,2,49.0,10306,https://school.programmers.co.kr/learn/courses/30/lessons/154540
리코쳇 로봇,2,49.0,7054,https://school.programmers.co.kr/learn/courses/30/lessons/169199
줄 서는 방법,2,48.0,7594,https://school.programmers.co.kr/learn/courses/30/lessons/12936
섬 연결하기,3,48.0,15952,https://school.programmers.co.kr/learn/courses/30/lessons/42861
여행경로,3,48.0,23802,https://school.programmers.co.kr/learn/courses/30/lessons/43164
괄호 변환,2,48.0,20145,https://school.programmers.co.kr/learn/courses/30/lessons/60058
수식 최대화,2,48.0,14215,https://school.programmers.co.kr/learn/courses/30/lessons/67257
행렬 테두리 회전하기,2,48.0,13524,https://school.programmers.co.kr/learn/courses/30/lessons/77485
디펜스 게임,2,48.0,6410,https://school.programmers.co.kr/learn/courses/30/lessons/142085
테이블 해시 함수,2,48.0,5452,https://school.programmers.co.kr/learn/courses/30/lessons/147354
개인정보 수집 유효기간,1,48.0,21676,https://school.programmers.co.kr/learn/courses/30/lessons/150370
특정 기간동안 대여 가능한 자동차들의 대여비용 구하기,4,48.0,10142,https://school.programmers.co.kr/learn/courses/30/lessons/157339
가장 큰 정사각형 찾기,2,47.0,10995,https://school.programmers.co.kr/learn/courses/30/lessons/12905
거리두기 확인하기,2,47.0,14791,https://school.programmers.co.kr/learn/courses/30/lessons/81302
부대복귀,3,47.0,4124,https://school.programmers.co.kr/learn/courses/30/lessons/132266
연속 펄스 부분 수열의 합,3,47.0,4610,https://school.programmers.co.kr/learn/courses/30/lessons/161988
달리기 경주,1,47.0,23988,https://school.programmers.co.kr/learn/courses/30/lessons/178871
정수를 나선형으로 배치하기,0,47.0,10257,https://school.programmers.co.kr/learn/courses/30/lessons/181832
부모의 형질을 모두 가지는 대장균 찾기,2,47.0,5167,https://school.programmers.co.kr/learn/courses/30/lessons/301647
하노이의 탑,2,46.0,11091,https://school.programmers.co.kr/learn/courses/30/lessons/12946
입국심사,3,46.0,22993,https://school.programmers.co.kr/learn/courses/30/lessons/43238
경주로 건설,3,46.0,7206,https://school.programmers.co.kr/learn/courses/30/lessons/67259
공원 산책,1,46.0,16417,https://school.programmers.co.kr/learn/courses/30/lessons/172928
유연근무제,1,46.0,2205,https://school.programmers.co.kr/learn/courses/30/lessons/388351
상품을 구매한 회원 비율 구하기,5,45.0,10765,https://school.programmers.co.kr/learn/courses/30/lessons/131534
우박수열 정적분,2,45.0,4015,https://school.programmers.co.kr/learn/courses/30/lessons/134239
가장 긴 팰린드롬,3,45.0,8672,https://school.programmers.co.kr/learn/courses/30/lessons/12904
디스크 컨트롤러,3,45.0,21816,https://school.programmers.co.kr/learn/courses/30/lessons/42627
[1차] 셔틀버스,3,44.0,7531,https://school.programmers.co.kr/learn/courses/30/lessons/17678
문자열 압축,2,44.0,31573,https://school.programmers.co.kr/learn/courses/30/lessons/60057
멀쩡한 사각형,2,44.0,18996,https://school.programmers.co.kr/learn/courses/30/lessons/62048
다단계 칫솔 판매,3,44.0,8176,https://school.programmers.co.kr/learn/courses/30/lessons/77486
광물 캐기,2,44.0,7662,https://school.programmers.co.kr/learn/courses/30/lessons/172927
거스름돈,3,43.0,5816,https://school.programmers.co.kr/learn/courses/30/lessons/12907
풍선 터트리기,3,43.0,5195,https://school.programmers.co.kr/learn/courses/30/lessons/68646
순위,3,42.0,13001,https://school.programmers.co.kr/learn/courses/30/lessons/49191
파괴되지 않은 건물,3,42.0,5773,https://school.programmers.co.kr/learn/courses/30/lessons/92344
점 찍기,2,42.0,7330,https://school.programmers.co.kr/learn/courses/30/lessons/140107
인사고과,3,42.0,4109,https://school.programmers.co.kr/learn/courses/30/lessons/152995
특정 형질을 가지는 대장균 찾기,1,42.0,7544,https://school.programmers.co.kr/learn/courses/30/lessons/301646
[PCCP 기출문제] 2번 / 퍼즐 게임 챌린지,2,42.0,5351,https://school.programmers.co.kr/learn/courses/30/lessons/340212
후보키,2,42.0,10573,https://school.programmers.co.kr/learn/courses/30/lessons/42890
자물쇠와 열쇠,3,41.0,11140,https://school.programmers.co.kr/learn/courses/30/lessons/60059
합승 택시 요금,3,41.0,10252,https://school.programmers.co.kr/learn/courses/30/lessons/72413
이모티콘 할인행사,2,41.0,8214,https://school.programmers.co.kr/learn/courses/30/lessons/150368
과제 진행하기,2,41.0,7105,https://school.programmers.co.kr/learn/courses/30/lessons/176962
[PCCP 기출문제] 1번 / 붕대 감기,1,41.0,12926,https://school.programmers.co.kr/learn/courses/30/lessons/250137
[PCCE 기출문제] 10번 / 공원,1,41.0,3032,https://school.programmers.co.kr/learn/courses/30/lessons/340198
N-Queen,2,40.0,7506,https://school.programmers.co.kr/learn/courses/30/lessons/12952
신고 결과 받기,1,40.0,36344,https://school.programmers.co.kr/learn/courses/30/lessons/92334
두 원 사이의 정수 쌍,2,40.0,6908,https://school.programmers.co.kr/learn/courses/30/lessons/181187
혼자서 하는 틱택토,2,40.0,5216,https://school.programmers.co.kr/learn/courses/30/lessons/160585
요격 시스템,2,40.0,11351,https://school.programmers.co.kr/learn/courses/30/lessons/181188
도둑질,4,39.0,8733,https://school.programmers.co.kr/learn/courses/30/lessons/42897
표 편집,3,39.0,5865,https://school.programmers.co.kr/learn/courses/30/lessons/81303
언어별 개발자 분류하기,4,39.0,2372,https://school.programmers.co.kr/learn/courses/30/lessons/276036
[PCCP 기출문제] 2번 / 석유 시추,2,39.0,6276,https://school.programmers.co.kr/learn/courses/30/lessons/250136
지게차와 크레인,2,39.0,894,https://school.programmers.co.kr/learn/courses/30/lessons/388353
숫자 블록,2,38.0,3617,https://school.programmers.co.kr/learn/courses/30/lessons/12923
길 찾기 게임,3,38.0,7753,https://school.programmers.co.kr/learn/courses/30/lessons/42892
양과 늑대,3,38.0,6352,https://school.programmers.co.kr/learn/courses/30/lessons/92343
혼자 놀기의 달인,2,38.0,5951,https://school.programmers.co.kr/learn/courses/30/lessons/131130
조이스틱,2,37.0,20007,https://school.programmers.co.kr/learn/courses/30/lessons/42860
양궁대회,2,37.0,8856,https://school.programmers.co.kr/learn/courses/30/lessons/92342
옹알이 (1),0,37.0,25466,https://school.programmers.co.kr/learn/courses/30/lessons/120956
기둥과 보 설치,3,36.0,6406,https://school.programmers.co.kr/learn/courses/30/lessons/60061
미로 탈출 명령어,3,36.0,3987,https://school.programmers.co.kr/learn/courses/30/lessons/150365
[PCCP 기출문제] 1번 / 동영상 재생기,1,36.0,9020,https://school.programmers.co.kr/learn/courses/30/lessons/340213
택배 상자 꺼내기,1,36.0,2076,https://school.programmers.co.kr/learn/courses/30/lessons/389478
보행자 천국,3,35.0,2450,https://school.programmers.co.kr/learn/courses/30/lessons/1832
호텔 방 배정,4,35.0,4665,https://school.programmers.co.kr/learn/courses/30/lessons/64063
광고 삽입,3,35.0,4681,https://school.programmers.co.kr/learn/courses/30/lessons/72414
택배 배달과 수거하기,2,35.0,7998,https://school.programmers.co.kr/learn/courses/30/lessons/150369
비밀 코드 해독,2,35.0,1048,https://school.programmers.co.kr/learn/courses/30/lessons/388352
무지의 먹방 라이브,4,34.0,6702,https://school.programmers.co.kr/learn/courses/30/lessons/42891
순위 검색,2,34.0,9805,https://school.programmers.co.kr/learn/courses/30/lessons/72412
올바른 괄호의 갯수,4,33.0,3078,https://school.programmers.co.kr/learn/courses/30/lessons/12929
110 옮기기,3,33.0,2042,https://school.programmers.co.kr/learn/courses/30/lessons/77886
교점에 별 만들기,2,33.0,5438,https://school.programmers.co.kr/learn/courses/30/lessons/87377
쿠키 구입,4,32.0,2074,https://school.programmers.co.kr/learn/courses/30/lessons/49995
외벽 점검,3,32.0,5050,https://school.programmers.co.kr/learn/courses/30/lessons/60062
표현 가능한 이진트리,3,32.0,3823,https://school.programmers.co.kr/learn/courses/30/lessons/150367
[PCCP 기출문제] 3번 / 충돌위험 찾기,2,32.0,2484,https://school.programmers.co.kr/learn/courses/30/lessons/340211
[3차] 자동완성,4,31.0,2990,https://school.programmers.co.kr/learn/courses/30/lessons/17685
스타 수열,3,31.0,2003,https://school.programmers.co.kr/learn/courses/30/lessons/70130
3 x n 타일링,2,29.0,4857,https://school.programmers.co.kr/learn/courses/30/lessons/12902
N으로 표현,3,29.0,17756,https://school.programmers.co.kr/learn/courses/30/lessons/42895
등산코스 정하기,3,29.0,3510,https://school.programmers.co.kr/learn/courses/30/lessons/118669
카카오프렌즈 컬러링북,2,29.0,8848,https://school.programmers.co.kr/learn/courses/30/lessons/1829
완전범죄,2,29.0,1007,https://school.programmers.co.kr/learn/courses/30/lessons/389480
선입 선출 스케줄링,3,28.0,1785,https://school.programmers.co.kr/learn/courses/30/lessons/12920
징검다리,4,28.0,7394,https://school.programmers.co.kr/learn/courses/30/lessons/43236
아이템 줍기,3,28.0,6704,https://school.programmers.co.kr/learn/courses/30/lessons/87694
카운트 다운,3,28.0,1339,https://school.programmers.co.kr/learn/courses/30/lessons/131129
표 병합,3,28.0,2305,https://school.programmers.co.kr/learn/courses/30/lessons/150366
가사 검색,4,27.0,4762,https://school.programmers.co.kr/learn/courses/30/lessons/60060
블록 이동하기,3,27.0,4231,https://school.programmers.co.kr/learn/courses/30/lessons/60063
가장 많이 받은 선물,1,27.0,13420,https://school.programmers.co.kr/learn/courses/30/lessons/258712
모두 0으로 만들기,3,27.0,2169,https://school.programmers.co.kr/learn/courses/30/lessons/76503
최적의 행렬 곱셈,3,26.0,1479,https://school.programmers.co.kr/learn/courses/30/lessons/12942
2차원 동전 뒤집기,3,26.0,1176,https://school.programmers.co.kr/learn/courses/30/lessons/131703
봉인된 주문,3,26.0,531,https://school.programmers.co.kr/learn/courses/30/lessons/389481
산 모양 타일링,3,26.0,1953,https://school.programmers.co.kr/learn/courses/30/lessons/258705
코딩 테스트 공부,3,26.0,3244,https://school.programmers.co.kr/learn/courses/30/lessons/118668
단체사진 찍기,2,24.0,4884,https://school.programmers.co.kr/learn/courses/30/lessons/1835
단어 퍼즐,4,24.0,1247,https://school.programmers.co.kr/learn/courses/30/lessons/12983
등대,3,24.0,1428,https://school.programmers.co.kr/learn/courses/30/lessons/133500
유사 칸토어 비트열,2,23.0,2393,https://school.programmers.co.kr/learn/courses/30/lessons/148652
도넛과 막대 그래프,2,23.0,5016,https://school.programmers.co.kr/learn/courses/30/lessons/258711
억억단을 외우자,3,23.0,1506,https://school.programmers.co.kr/learn/courses/30/lessons/138475
[1차] 추석 트래픽,3,22.0,8041,https://school.programmers.co.kr/learn/courses/30/lessons/17676
공 이동 시뮬레이션,3,22.0,1049,https://school.programmers.co.kr/learn/courses/30/lessons/87391
당구 연습,2,22.0,3361,https://school.programmers.co.kr/learn/courses/30/lessons/169198
매칭 점수,3,21.0,2478,https://school.programmers.co.kr/learn/courses/30/lessons/42893
블록 게임,4,20.0,1828,https://school.programmers.co.kr/learn/courses/30/lessons/42894
카드 짝 맞추기,3,20.0,2233,https://school.programmers.co.kr/learn/courses/30/lessons/72415
n + 1 카드게임,3,20.0,1826,https://school.programmers.co.kr/learn/courses/30/lessons/258707
주사위 고르기,3,20.0,2607,https://school.programmers.co.kr/learn/courses/30/lessons/258709
지형 편집,4,19.0,806,https://school.programmers.co.kr/learn/courses/30/lessons/12984
동굴 탐험,4,19.0,1609,https://school.programmers.co.kr/learn/courses/30/lessons/67260
숫자 타자 대회,3,19.0,1104,https://school.programmers.co.kr/learn/courses/30/lessons/136797
멸종위기의 대장균 찾기,5,19.0,2616,https://school.programmers.co.kr/learn/courses/30/lessons/301651
[PCCP 기출문제] 4번 / 수식 복원하기,3,19.0,1114,https://school.programmers.co.kr/learn/courses/30/lessons/340210
캠핑,3,18.0,648,https://school.programmers.co.kr/learn/courses/30/lessons/1833
[PCCP 기출문제] 4번 / 수레 움직이기,3,18.0,1173,https://school.programmers.co.kr/learn/courses/30/lessons/250134
홀짝트리,3,18.0,305,https://school.programmers.co.kr/learn/courses/30/lessons/388354
사칙연산,4,17.0,2739,https://school.programmers.co.kr/learn/courses/30/lessons/1843
지형 이동,4,17.0,1668,https://school.programmers.co.kr/learn/courses/30/lessons/62050
트리 트리오 중간값,4,17.0,523,https://school.programmers.co.kr/learn/courses/30/lessons/68937
빛의 경로 사이클,2,17.0,3676,https://school.programmers.co.kr/learn/courses/30/lessons/86052
금과 은 운반하기,3,17.0,2181,https://school.programmers.co.kr/learn/courses/30/lessons/86053
리틀 프렌즈 사천성,3,16.0,909,https://school.programmers.co.kr/learn/courses/30/lessons/1836
GPS,3,15.0,779,https://school.programmers.co.kr/learn/courses/30/lessons/1837
퍼즐 조각 채우기,3,15.0,3884,https://school.programmers.co.kr/learn/courses/30/lessons/84021
사라지는 발판,3,15.0,1730,https://school.programmers.co.kr/learn/courses/30/lessons/92345
상담원 인원,3,15.0,1544,https://school.programmers.co.kr/learn/courses/30/lessons/214288
[PCCP 기출문제] 3번 / 아날로그 시계,2,15.0,2014,https://school.programmers.co.kr/learn/courses/30/lessons/250135
고고학 최고의 발견,3,13.0,642,https://school.programmers.co.kr/learn/courses/30/lessons/131702
매출 하락 최소화,4,12.0,1489,https://school.programmers.co.kr/learn/courses/30/lessons/72416
행렬과 연산,4,12.0,1062,https://school.programmers.co.kr/learn/courses/30/lessons/118670
4단 고음,4,11.0,811,https://school.programmers.co.kr/learn/courses/30/lessons/1831
쌍둥이 빌딩 숲,4,10.0,339,https://school.programmers.co.kr/learn/courses/30/lessons/140105
아방가르드 타일링,3,10.0,749,https://school.programmers.co.kr/learn/courses/30/lessons/181186
에어컨,3,10.0,1052,https://school.programmers.co.kr/learn/courses/30/lessons/214289
미로 탈출,4,9.0,959,https://school.programmers.co.kr/learn/courses/30/lessons/81304
몸짱 트레이너 라이언의 고민,3,8.0,306,https://school.programmers.co.kr/learn/courses/30/lessons/1838
튜브의 소개팅,4,7.0,247,https://school.programmers.co.kr/learn/courses/30/lessons/1839
"1,2,3 떨어트리기",4,7.0,727,https://school.programmers.co.kr/learn/courses/30/lessons/150364
방의 개수,5,6.0,2452,https://school.programmers.co.kr/learn/courses/30/lessons/49190
짝수 행 세기,4,6.0,311,https://school.programmers.co.kr/learn/courses/30/lessons/68647
경사로의 개수,4,6.0,240,https://school.programmers.co.kr/learn/courses/30/lessons/214290
시험장 나누기,5,4.0,805,https://school.programmers.co.kr/learn/courses/30/lessons/81305
가장 큰 삼각형 덩어리,4,4.0,21,https://school.programmers.co.kr/learn/courses/30/lessons/389629
격자 뒤집기 미로,4,4.0,20,https://school.programmers.co.kr/learn/courses/30/lessons/389630
브라이언의 고민,3,3.0,473,https://school.programmers.co.kr/learn/courses/30/lessons/1830
문자열의 아름다움,5,3.0,205,https://school.programmers.co.kr/learn/courses/30/lessons/68938
안티세포,4,3.0,133,https://school.programmers.co.kr/learn/courses/30/lessons/86054
재밌는 레이싱 경기장 설계하기,5,2.0,100,https://school.programmers.co.kr/learn/courses/30/lessons/214292
신비로운 유적 탐험,5,1.0,95,https://school.programmers.co.kr/learn/courses/30/lessons/1834
가짜 해밀토니안,5,1.0,98,https://school.programmers.co.kr/learn/courses/30/lessons/70132
집합과 쿼리,5,1.0,53,https://school.programmers.co.kr/learn/courses/30/lessons/214291
중요한 도로,5,1.0,49,https://school.programmers.co.kr/learn/courses/30/lessons/214293
빠른 이동,5,1.0,55,https://school.programmers.co.kr/learn/courses/30/lessons/214294
스마트한 프로도,5,0.0,42,https://school.programmers.co.kr/learn/courses/30/lessons/1840
IU와 콘의 보드게임,5,0.0,31,https://school.programmers.co.kr/learn/courses/30/lessons/1841
네오의 귀걸이,5,0.0,44,https://school.programmers.co.kr/learn/courses/30/lessons/1842
직사각형의 넓이,5,0.0,100,https://school.programmers.co.kr/learn/courses/30/lessons/12974
RPG와 쿼리,5,0.0,53,https://school.programmers.co.kr/learn/courses/30/lessons/76504
중력 작용,5,0.0,34,https://school.programmers.co.kr/learn/courses/30/lessons/77887
쿼리의 모음의 개수,5,0.0,28,https://school.programmers.co.kr/learn/courses/30/lessons/87394
미로 주행 테스트,5,0.0,34,https://school.programmers.co.kr/learn/courses/30/lessons/214295
눈사람 만들기,5,0.0,6,https://school.programmers.co.kr/learn/courses/30/lessons/389631
문자열과 알파벳과 쿼리,5,0.0,8,https://school.programmers.co.kr/learn/courses/30/lessons/389632
